epoch,train_loss,val_loss,train_acc,val_acc,time,samples/s
1,0.611542,0.469198,0.787937,0.828543,8.934429,6042.243652
2,0.409768,0.385520,0.852938,0.860963,8.663611,6231.119629
3,0.363631,0.350709,0.869572,0.875167,8.445812,6391.806641
4,0.336381,0.334721,0.878205,0.883188,9.616821,5613.497070
5,0.317129,0.338834,0.884688,0.879178,10.363153,5209.225098
6,0.306440,0.348733,0.888171,0.873496,8.400350,6426.399414
7,0.295763,0.312236,0.893079,0.887868,8.736666,6179.016113
8,0.287707,0.306380,0.895358,0.888035,8.551832,6312.565430
9,0.277497,0.297594,0.899933,0.893717,11.207086,4816.952637
10,0.270207,0.302522,0.901193,0.888870,8.382231,6440.290527
