epoch,train_loss,val_loss,train_acc,val_acc,time,samples/s
1,1.831567,1.715574,0.337844,0.392800,37.736334,1192.484684
2,1.639011,1.596725,0.413689,0.427800,34.495921,1304.502042
3,1.552822,1.541624,0.444622,0.452200,32.867556,1369.131300
4,1.490860,1.509056,0.467556,0.467400,31.508258,1428.196992
5,1.437755,1.493084,0.488244,0.469600,31.782471,1415.874826
6,1.391299,1.437912,0.505244,0.496000,31.801198,1415.041041
7,1.350002,1.483361,0.520356,0.477800,32.552459,1382.384037
8,1.306195,1.437637,0.534956,0.501200,34.204402,1315.620137
9,1.273343,1.408490,0.544489,0.504000,31.250628,1439.971046
10,1.233289,1.404217,0.562133,0.501600,32.403693,1388.730614
